{
  "language": "Solidity",
  "sources": {
    "contracts/Lock.sol": {
      "content": "// SPDX-License-Identifier: UNLICENSED\r\npragma solidity ^0.7.3;\r\n\r\n// Import this file to use console.log\r\nimport \"hardhat/console.sol\";\r\n\r\ncontract Lock {\r\n    uint public unlockTime;\r\n    address payable public owner;\r\n\r\n    event Withdrawal(uint amount, uint when);\r\n\r\n    constructor(uint _unlockTime) payable {\r\n        require(\r\n            block.timestamp < _unlockTime,\r\n            \"Unlock time should be in the future\"\r\n        );\r\n\r\n        unlockTime = _unlockTime;\r\n        owner = payable(msg.sender);\r\n    }\r\n\r\n    function withdraw() public {\r\n        // Uncomment this line to print a log in your terminal\r\n        // console.log(\"Unlock time is %o and block timestamp is %o\", unlockTime, block.timestamp);\r\n\r\n        require(block.timestamp >= unlockTime, \"You can't withdraw yet\");\r\n        require(msg.sender == owner, \"You aren't the owner\");\r\n        \r\n        emit Withdrawal(address(this).balance, block.timestamp);\r\n\r\n        owner.transfer(address(this).balance);\r\n    }\r\n}"
    },
    "contracts/Token.sol": {
      "content": "// SPDX-License-Identifier: MIT\r\n// The line above is recommended and let you define the license of your contract\r\n// Solidity files have to start with this pragma.\r\n// It will be used by the Solidity compiler to validate its version.\r\npragma solidity ^0.7.3;\r\n\r\n\r\n// This is the main building block for smart contracts.\r\ncontract Token {\r\n    // Some string type variables to identify the token.\r\n    // The `public` modifier makes a variable readable from outside the contract.\r\n    string public name = \"My Hardhat Token\";\r\n    string public symbol = \"MBT\";\r\n\r\n    // The fixed amount of tokens stored in an unsigned integer type variable.\r\n    uint256 public totalSupply = 1000000;\r\n\r\n    // An address type variable is used to store ethereum accounts.\r\n    address public owner;\r\n\r\n    // A mapping is a key/value map. Here we store each account balance.\r\n    mapping(address => uint256) balances;\r\n\r\n    /**\r\n     * Contract initialization.\r\n     *\r\n     * The `constructor` is executed only once when the contract is created.\r\n     */\r\n    constructor(address _owner) {\r\n        // The totalSupply is assigned to transaction sender, which is the account\r\n        // that is deploying the contract.\r\n        balances[_owner] = totalSupply;\r\n        owner = _owner;\r\n    }\r\n\r\n    /**\r\n     * A function to transfer tokens.\r\n     *\r\n     * The `external` modifier makes a function *only* callable from outside\r\n     * the contract.\r\n     */\r\n    function transfer(address to, uint256 amount) external {\r\n        // Check if the transaction sender has enough tokens.\r\n        // If `require`'s first argument evaluates to `false` then the\r\n        // transaction will revert.\r\n        require(balances[msg.sender] >= amount, \"Not enough tokens\");\r\n\r\n        // Transfer the amount.\r\n        balances[msg.sender] -= amount;\r\n        balances[to] += amount;\r\n    }\r\n\r\n    /**\r\n     * Read only function to retrieve the token balance of a given account.\r\n     *\r\n     * The `view` modifier indicates that it doesn't modify the contract's\r\n     * state, which allows us to call it without executing a transaction.\r\n     */\r\n    function balanceOf(address account) external view returns (uint256) {\r\n        return balances[account];\r\n    }\r\n}"
    },
    "hardhat/console.sol": {
      "content": "// SPDX-License-Identifier: MIT\npragma solidity >= 0.4.22 <0.9.0;\n\nlibrary console {\n\taddress constant CONSOLE_ADDRESS = address(0x000000000000000000636F6e736F6c652e6c6f67);\n\n\tfunction _sendLogPayload(bytes memory payload) private view {\n\t\tuint256 payloadLength = payload.length;\n\t\taddress consoleAddress = CONSOLE_ADDRESS;\n\t\tassembly {\n\t\t\tlet payloadStart := add(payload, 32)\n\t\t\tlet r := staticcall(gas(), consoleAddress, payloadStart, payloadLength, 0, 0)\n\t\t}\n\t}\n\n\tfunction log() internal view {\n\t\t_sendLogPayload(abi.encodeWithSignature(\"log()\"));\n\t}\n\n\tfunction logInt(int256 p0) internal view {\n\t\t_sendLogPayload(abi.encodeWithSignature(\"log(int256)\", p0));\n\t}\n\n\tfunction logUint(uint256 p0) internal view {\n\t\t_sendLogPayload(abi.encodeWithSignature(\"log(uint256)\", p0));\n\t}\n\n\tfunction logString(string memory p0) internal view {\n\t\t_sendLogPayload(abi.encodeWithSignature(\"log(string)\", p0));\n\t}\n\n\tfunction logBool(bool p0) internal view {\n\t\t_sendLogPayload(abi.encodeWithSignature(\"log(bool)\", p0));\n\t}\n\n\tfunction logAddress(address p0) internal view {\n\t\t_sendLogPayload(abi.encodeWithSignature(\"log(address)\", p0));\n\t}\n\n\tfunction logBytes(bytes memory p0) internal view {\n\t\t_sendLogPayload(abi.encodeWithSignature(\"log(bytes)\", p0));\n\t}\n\n\tfunction logBytes1(bytes1 p0) internal view {\n\t\t_sendLogPayload(abi.encodeWithSignature(\"log(bytes1)\", p0));\n\t}\n\n\tfunction logBytes2(bytes2 p0) internal view {\n\t\t_sendLogPayload(abi.encodeWithSignature(\"log(bytes2)\", p0));\n\t}\n\n\tfunction logBytes3(bytes3 p0) internal view {\n\t\t_sendLogPayload(abi.encodeWithSignature(\"log(bytes3)\", p0));\n\t}\n\n\tfunction logBytes4(bytes4 p0) internal view {\n\t\t_sendLogPayload(abi.encodeWithSignature(\"log(bytes4)\", p0));\n\t}\n\n\tfunction logBytes5(bytes5 p0) internal view {\n\t\t_sendLogPayload(abi.encodeWithSignature(\"log(bytes5)\", p0));\n\t}\n\n\tfunction logBytes6(bytes6 p0) internal view {\n\t\t_sendLogPayload(abi.encodeWithSignature(\"log(bytes6)\", p0));\n\t}\n\n\tfunction logBytes7(bytes7 p0) internal view {\n\t\t_sendLogPayload(abi.encodeWithSignature(\"log(bytes7)\", p0));\n\t}\n\n\tfunction logBytes8(bytes8 p0) internal view {\n\t\t_sendLogPayload(abi.encodeWithSignature(\"log(bytes8)\", p0));\n\t}\n\n\tfunction logBytes9(bytes9 p0) internal view {\n\t\t_sendLogPayload(abi.encodeWithSignature(\"log(bytes9)\", p0));\n\t}\n\n\tfunction logBytes10(bytes10 p0) internal view {\n\t\t_sendLogPayload(abi.encodeWithSignature(\"log(bytes10)\", p0));\n\t}\n\n\tfunction logBytes11(bytes11 p0) internal view {\n\t\t_sendLogPayload(abi.encodeWithSignature(\"log(bytes11)\", p0));\n\t}\n\n\tfunction logBytes12(bytes12 p0) internal view {\n\t\t_sendLogPayload(abi.encodeWithSignature(\"log(bytes12)\", p0));\n\t}\n\n\tfunction logBytes13(bytes13 p0) internal view {\n\t\t_sendLogPayload(abi.encodeWithSignature(\"log(bytes13)\", p0));\n\t}\n\n\tfunction logBytes14(bytes14 p0) internal view {\n\t\t_sendLogPayload(abi.encodeWithSignature(\"log(bytes14)\", p0));\n\t}\n\n\tfunction logBytes15(bytes15 p0) internal view {\n\t\t_sendLogPayload(abi.encodeWithSignature(\"log(bytes15)\", p0));\n\t}\n\n\tfunction logBytes16(bytes16 p0) internal view {\n\t\t_sendLogPayload(abi.encodeWithSignature(\"log(bytes16)\", p0));\n\t}\n\n\tfunction logBytes17(bytes17 p0) internal view {\n\t\t_sendLogPayload(abi.encodeWithSignature(\"log(bytes17)\", p0));\n\t}\n\n\tfunction logBytes18(bytes18 p0) internal view {\n\t\t_sendLogPayload(abi.encodeWithSignature(\"log(bytes18)\", p0));\n\t}\n\n\tfunction logBytes19(bytes19 p0) internal view {\n\t\t_sendLogPayload(abi.encodeWithSignature(\"log(bytes19)\", p0));\n\t}\n\n\tfunction logBytes20(bytes20 p0) internal view {\n\t\t_sendLogPayload(abi.encodeWithSignature(\"log(bytes20)\", p0));\n\t}\n\n\tfunction logBytes21(bytes21 p0) internal view {\n\t\t_sendLogPayload(abi.encodeWithSignature(\"log(bytes21)\", p0));\n\t}\n\n\tfunction logBytes22(bytes22 p0) internal view {\n\t\t_sendLogPayload(abi.encodeWithSignature(\"log(bytes22)\", p0));\n\t}\n\n\tfunction logBytes23(bytes23 p0) internal view {\n\t\t_sendLogPayload(abi.encodeWithSignature(\"log(bytes23)\", p0));\n\t}\n\n\tfunction logBytes24(bytes24 p0) internal view {\n\t\t_sendLogPayload(abi.encodeWithSignature(\"log(bytes24)\", p0));\n\t}\n\n\tfunction logBytes25(bytes25 p0) internal view {\n\t\t_sendLogPayload(abi.encodeWithSignature(\"log(bytes25)\", p0));\n\t}\n\n\tfunction logBytes26(bytes26 p0) internal view {\n\t\t_sendLogPayload(abi.encodeWithSignature(\"log(bytes26)\", p0));\n\t}\n\n\tfunction logBytes27(bytes27 p0) internal view {\n\t\t_sendLogPayload(abi.encodeWithSignature(\"log(bytes27)\", p0));\n\t}\n\n\tfunction logBytes28(bytes28 p0) internal view {\n\t\t_sendLogPayload(abi.encodeWithSignature(\"log(bytes28)\", p0));\n\t}\n\n\tfunction logBytes29(bytes29 p0) internal view {\n\t\t_sendLogPayload(abi.encodeWithSignature(\"log(bytes29)\", p0));\n\t}\n\n\tfunction logBytes30(bytes30 p0) internal view {\n\t\t_sendLogPayload(abi.encodeWithSignature(\"log(bytes30)\", p0));\n\t}\n\n\tfunction logBytes31(bytes31 p0) internal view {\n\t\t_sendLogPayload(abi.encodeWithSignature(\"log(bytes31)\", p0));\n\t}\n\n\tfunction logBytes32(bytes32 p0) internal view {\n\t\t_sendLogPayload(abi.encodeWithSignature(\"log(bytes32)\", p0));\n\t}\n\n\tfunction log(uint256 p0) internal view {\n\t\t_sendLogPayload(abi.encodeWithSignature(\"log(uint256)\", p0));\n\t}\n\n\tfunction log(string memory p0) internal view {\n\t\t_sendLogPayload(abi.encodeWithSignature(\"log(string)\", p0));\n\t}\n\n\tfunction log(bool p0) internal view {\n\t\t_sendLogPayload(abi.encodeWithSignature(\"log(bool)\", p0));\n\t}\n\n\tfunction log(address p0) internal view {\n\t\t_sendLogPayload(abi.encodeWithSignature(\"log(address)\", p0));\n\t}\n\n\tfunction log(uint256 p0, uint256 p1) internal view {\n\t\t_sendLogPayload(abi.encodeWithSignature(\"log(uint256,uint256)\", p0, p1));\n\t}\n\n\tfunction log(uint256 p0, string memory p1) internal view {\n\t\t_sendLogPayload(abi.encodeWithSignature(\"log(uint256,string)\", p0, p1));\n\t}\n\n\tfunction log(uint256 p0, bool p1) internal view {\n\t\t_sendLogPayload(abi.encodeWithSignature(\"log(uint256,bool)\", p0, p1));\n\t}\n\n\tfunction log(uint256 p0, address p1) internal view {\n\t\t_sendLogPayload(abi.encodeWithSignature(\"log(uint256,address)\", p0, p1));\n\t}\n\n\tfunction log(string memory p0, uint256 p1) internal view {\n\t\t_sendLogPayload(abi.encodeWithSignature(\"log(string,uint256)\", p0, p1));\n\t}\n\n\tfunction log(string memory p0, string memory p1) internal view {\n\t\t_sendLogPayload(abi.encodeWithSignature(\"log(string,string)\", p0, p1));\n\t}\n\n\tfunction log(string memory p0, bool p1) internal view {\n\t\t_sendLogPayload(abi.encodeWithSignature(\"log(string,bool)\", p0, p1));\n\t}\n\n\tfunction log(string memory p0, address p1) internal view {\n\t\t_sendLogPayload(abi.encodeWithSignature(\"log(string,address)\", p0, p1));\n\t}\n\n\tfunction log(bool p0, uint256 p1) internal view {\n\t\t_sendLogPayload(abi.encodeWithSignature(\"log(bool,uint256)\", p0, p1));\n\t}\n\n\tfunction log(bool p0, string memory p1) internal view {\n\t\t_sendLogPayload(abi.encodeWithSignature(\"log(bool,string)\", p0, p1));\n\t}\n\n\tfunction log(bool p0, bool p1) internal view {\n\t\t_sendLogPayload(abi.encodeWithSignature(\"log(bool,bool)\", p0, p1));\n\t}\n\n\tfunction log(bool p0, address p1) internal view {\n\t\t_sendLogPayload(abi.encodeWithSignature(\"log(bool,address)\", p0, p1));\n\t}\n\n\tfunction log(address p0, uint256 p1) internal view {\n\t\t_sendLogPayload(abi.encodeWithSignature(\"log(address,uint256)\", p0, p1));\n\t}\n\n\tfunction log(address p0, string memory p1) internal view {\n\t\t_sendLogPayload(abi.encodeWithSignature(\"log(address,string)\", p0, p1));\n\t}\n\n\tfunction log(address p0, bool p1) internal view {\n\t\t_sendLogPayload(abi.encodeWithSignature(\"log(address,bool)\", p0, p1));\n\t}\n\n\tfunction log(address p0, address p1) internal view {\n\t\t_sendLogPayload(abi.encodeWithSignature(\"log(address,address)\", p0, p1));\n\t}\n\n\tfunction log(uint256 p0, uint256 p1, uint256 p2) internal view {\n\t\t_sendLogPayload(abi.encodeWithSignature(\"log(uint256,uint256,uint256)\", p0, p1, p2));\n\t}\n\n\tfunction log(uint256 p0, uint256 p1, string memory p2) internal view {\n\t\t_sendLogPayload(abi.encodeWithSignature(\"log(uint256,uint256,string)\", p0, p1, p2));\n\t}\n\n\tfunction log(uint256 p0, uint256 p1, bool p2) internal view {\n\t\t_sendLogPayload(abi.encodeWithSignature(\"log(uint256,uint256,bool)\", p0, p1, p2));\n\t}\n\n\tfunction log(uint256 p0, uint256 p1, address p2) internal view {\n\t\t_sendLogPayload(abi.encodeWithSignature(\"log(uint256,uint256,address)\", p0, p1, p2));\n\t}\n\n\tfunction log(uint256 p0, string memory p1, uint256 p2) internal view {\n\t\t_sendLogPayload(abi.encodeWithSignature(\"log(uint256,string,uint256)\", p0, p1, p2));\n\t}\n\n\tfunction log(uint256 p0, string memory p1, string memory p2) internal view {\n\t\t_sendLogPayload(abi.encodeWithSignature(\"log(uint256,string,string)\", p0, p1, p2));\n\t}\n\n\tfunction log(uint256 p0, string memory p1, bool p2) internal view {\n\t\t_sendLogPayload(abi.encodeWithSignature(\"log(uint256,string,bool)\", p0, p1, p2));\n\t}\n\n\tfunction log(uint256 p0, string memory p1, address p2) internal view {\n\t\t_sendLogPayload(abi.encodeWithSignature(\"log(uint256,string,address)\", p0, p1, p2));\n\t}\n\n\tfunction log(uint256 p0, bool p1, uint256 p2) internal view {\n\t\t_sendLogPayload(abi.encodeWithSignature(\"log(uint256,bool,uint256)\", p0, p1, p2));\n\t}\n\n\tfunction log(uint256 p0, bool p1, string memory p2) internal view {\n\t\t_sendLogPayload(abi.encodeWithSignature(\"log(uint256,bool,string)\", p0, p1, p2));\n\t}\n\n\tfunction log(uint256 p0, bool p1, bool p2) internal view {\n\t\t_sendLogPayload(abi.encodeWithSignature(\"log(uint256,bool,bool)\", p0, p1, p2));\n\t}\n\n\tfunction log(uint256 p0, bool p1, address p2) internal view {\n\t\t_sendLogPayload(abi.encodeWithSignature(\"log(uint256,bool,address)\", p0, p1, p2));\n\t}\n\n\tfunction log(uint256 p0, address p1, uint256 p2) internal view {\n\t\t_sendLogPayload(abi.encodeWithSignature(\"log(uint256,address,uint256)\", p0, p1, p2));\n\t}\n\n\tfunction log(uint256 p0, address p1, string memory p2) internal view {\n\t\t_sendLogPayload(abi.encodeWithSignature(\"log(uint256,address,string)\", p0, p1, p2));\n\t}\n\n\tfunction log(uint256 p0, address p1, bool p2) internal view {\n\t\t_sendLogPayload(abi.encodeWithSignature(\"log(uint256,address,bool)\", p0, p1, p2));\n\t}\n\n\tfunction log(uint256 p0, address p1, address p2) internal view {\n\t\t_sendLogPayload(abi.encodeWithSignature(\"log(uint256,address,address)\", p0, p1, p2));\n\t}\n\n\tfunction log(string memory p0, uint256 p1, uint256 p2) internal view {\n\t\t_sendLogPayload(abi.encodeWithSignature(\"log(string,uint256,uint256)\", p0, p1, p2));\n\t}\n\n\tfunction log(string memory p0, uint256 p1, string memory p2) internal view {\n\t\t_sendLogPayload(abi.encodeWithSignature(\"log(string,uint256,string)\", p0, p1, p2));\n\t}\n\n\tfunction log(string memory p0, uint256 p1, bool p2) internal view {\n\t\t_sendLogPayload(abi.encodeWithSignature(\"log(string,uint256,bool)\", p0, p1, p2));\n\t}\n\n\tfunction log(string memory p0, uint256 p1, address p2) internal view {\n\t\t_sendLogPayload(abi.encodeWithSignature(\"log(string,uint256,address)\", p0, p1, p2));\n\t}\n\n\tfunction log(string memory p0, string memory p1, uint256 p2) internal view {\n\t\t_sendLogPayload(abi.encodeWithSignature(\"log(string,string,uint256)\", p0, p1, p2));\n\t}\n\n\tfunction log(string memory p0, string memory p1, string memory p2) internal view {\n\t\t_sendLogPayload(abi.encodeWithSignature(\"log(string,string,string)\", p0, p1, p2));\n\t}\n\n\tfunction log(string memory p0, string memory p1, bool p2) internal view {\n\t\t_sendLogPayload(abi.encodeWithSignature(\"log(string,string,bool)\", p0, p1, p2));\n\t}\n\n\tfunction log(string memory p0, string memory p1, address p2) internal view {\n\t\t_sendLogPayload(abi.encodeWithSignature(\"log(string,string,address)\", p0, p1, p2));\n\t}\n\n\tfunction log(string memory p0, bool p1, uint256 p2) internal view {\n\t\t_sendLogPayload(abi.encodeWithSignature(\"log(string,bool,uint256)\", p0, p1, p2));\n\t}\n\n\tfunction log(string memory p0, bool p1, string memory p2) internal view {\n\t\t_sendLogPayload(abi.encodeWithSignature(\"log(string,bool,string)\", p0, p1, p2));\n\t}\n\n\tfunction log(string memory p0, bool p1, bool p2) internal view {\n\t\t_sendLogPayload(abi.encodeWithSignature(\"log(string,bool,bool)\", p0, p1, p2));\n\t}\n\n\tfunction log(string memory p0, bool p1, address p2) internal view {\n\t\t_sendLogPayload(abi.encodeWithSignature(\"log(string,bool,address)\", p0, p1, p2));\n\t}\n\n\tfunction log(string memory p0, address p1, uint256 p2) internal view {\n\t\t_sendLogPayload(abi.encodeWithSignature(\"log(string,address,uint256)\", p0, p1, p2));\n\t}\n\n\tfunction log(string memory p0, address p1, string memory p2) internal view {\n\t\t_sendLogPayload(abi.encodeWithSignature(\"log(string,address,string)\", p0, p1, p2));\n\t}\n\n\tfunction log(string memory p0, address p1, bool p2) internal view {\n\t\t_sendLogPayload(abi.encodeWithSignature(\"log(string,address,bool)\", p0, p1, p2));\n\t}\n\n\tfunction log(string memory p0, address p1, address p2) internal view {\n\t\t_sendLogPayload(abi.encodeWithSignature(\"log(string,address,address)\", p0, p1, p2));\n\t}\n\n\tfunction log(bool p0, uint256 p1, uint256 p2) internal view {\n\t\t_sendLogPayload(abi.encodeWithSignature(\"log(bool,uint256,uint256)\", p0, p1, p2));\n\t}\n\n\tfunction log(bool p0, uint256 p1, string memory p2) internal view {\n\t\t_sendLogPayload(abi.encodeWithSignature(\"log(bool,uint256,string)\", p0, p1, p2));\n\t}\n\n\tfunction log(bool p0, uint256 p1, bool p2) internal view {\n\t\t_sendLogPayload(abi.encodeWithSignature(\"log(bool,uint256,bool)\", p0, p1, p2));\n\t}\n\n\tfunction log(bool p0, uint256 p1, address p2) internal view {\n\t\t_sendLogPayload(abi.encodeWithSignature(\"log(bool,uint256,address)\", p0, p1, p2));\n\t}\n\n\tfunction log(bool p0, string memory p1, uint256 p2) internal view {\n\t\t_sendLogPayload(abi.encodeWithSignature(\"log(bool,string,uint256)\", p0, p1, p2));\n\t}\n\n\tfunction log(bool p0, string memory p1, string memory p2) internal view {\n\t\t_sendLogPayload(abi.encodeWithSignature(\"log(bool,string,string)\", p0, p1, p2));\n\t}\n\n\tfunction log(bool p0, string memory p1, bool p2) internal view {\n\t\t_sendLogPayload(abi.encodeWithSignature(\"log(bool,string,bool)\", p0, p1, p2));\n\t}\n\n\tfunction log(bool p0, string memory p1, address p2) internal view {\n\t\t_sendLogPayload(abi.encodeWithSignature(\"log(bool,string,address)\", p0, p1, p2));\n\t}\n\n\tfunction log(bool p0, bool p1, uint256 p2) internal view {\n\t\t_sendLogPayload(abi.encodeWithSignature(\"log(bool,bool,uint256)\", p0, p1, p2));\n\t}\n\n\tfunction log(bool p0, bool p1, string memory p2) internal view {\n\t\t_sendLogPayload(abi.encodeWithSignature(\"log(bool,bool,string)\", p0, p1, p2));\n\t}\n\n\tfunction log(bool p0, bool p1, bool p2) internal view {\n\t\t_sendLogPayload(abi.encodeWithSignature(\"log(bool,bool,bool)\", p0, p1, p2));\n\t}\n\n\tfunction log(bool p0, bool p1, address p2) internal view {\n\t\t_sendLogPayload(abi.encodeWithSignature(\"log(bool,bool,address)\", p0, p1, p2));\n\t}\n\n\tfunction log(bool p0, address p1, uint256 p2) internal view {\n\t\t_sendLogPayload(abi.encodeWithSignature(\"log(bool,address,uint256)\", p0, p1, p2));\n\t}\n\n\tfunction log(bool p0, address p1, string memory p2) internal view {\n\t\t_sendLogPayload(abi.encodeWithSignature(\"log(bool,address,string)\", p0, p1, p2));\n\t}\n\n\tfunction log(bool p0, address p1, bool p2) internal view {\n\t\t_sendLogPayload(abi.encodeWithSignature(\"log(bool,address,bool)\", p0, p1, p2));\n\t}\n\n\tfunction log(bool p0, address p1, address p2) internal view {\n\t\t_sendLogPayload(abi.encodeWithSignature(\"log(bool,address,address)\", p0, p1, p2));\n\t}\n\n\tfunction log(address p0, uint256 p1, uint256 p2) internal view {\n\t\t_sendLogPayload(abi.encodeWithSignature(\"log(address,uint256,uint256)\", p0, p1, p2));\n\t}\n\n\tfunction log(address p0, uint256 p1, string memory p2) internal view {\n\t\t_sendLogPayload(abi.encodeWithSignature(\"log(address,uint256,string)\", p0, p1, p2));\n\t}\n\n\tfunction log(address p0, uint256 p1, bool p2) internal view {\n\t\t_sendLogPayload(abi.encodeWithSignature(\"log(address,uint256,bool)\", p0, p1, p2));\n\t}\n\n\tfunction log(address p0, uint256 p1, address p2) internal view {\n\t\t_sendLogPayload(abi.encodeWithSignature(\"log(address,uint256,address)\", p0, p1, p2));\n\t}\n\n\tfunction log(address p0, string memory p1, uint256 p2) internal view {\n\t\t_sendLogPayload(abi.encodeWithSignature(\"log(address,string,uint256)\", p0, p1, p2));\n\t}\n\n\tfunction log(address p0, string memory p1, string memory p2) internal view {\n\t\t_sendLogPayload(abi.encodeWithSignature(\"log(address,string,string)\", p0, p1, p2));\n\t}\n\n\tfunction log(address p0, string memory p1, bool p2) internal view {\n\t\t_sendLogPayload(abi.encodeWithSignature(\"log(address,string,bool)\", p0, p1, p2));\n\t}\n\n\tfunction log(address p0, string memory p1, address p2) internal view {\n\t\t_sendLogPayload(abi.encodeWithSignature(\"log(address,string,address)\", p0, p1, p2));\n\t}\n\n\tfunction log(address p0, bool p1, uint256 p2) internal view {\n\t\t_sendLogPayload(abi.encodeWithSignature(\"log(address,bool,uint256)\", p0, p1, p2));\n\t}\n\n\tfunction log(address p0, bool p1, string memory p2) internal view {\n\t\t_sendLogPayload(abi.encodeWithSignature(\"log(address,bool,string)\", p0, p1, p2));\n\t}\n\n\tfunction log(address p0, bool p1, bool p2) internal view {\n\t\t_sendLogPayload(abi.encodeWithSignature(\"log(address,bool,bool)\", p0, p1, p2));\n\t}\n\n\tfunction log(address p0, bool p1, address p2) internal view {\n\t\t_sendLogPayload(abi.encodeWithSignature(\"log(address,bool,address)\", p0, p1, p2));\n\t}\n\n\tfunction log(address p0, address p1, uint256 p2) internal view {\n\t\t_sendLogPayload(abi.encodeWithSignature(\"log(address,address,uint256)\", p0, p1, p2));\n\t}\n\n\tfunction log(address p0, address p1, string memory p2) internal view {\n\t\t_sendLogPayload(abi.encodeWithSignature(\"log(address,address,string)\", p0, p1, p2));\n\t}\n\n\tfunction log(address p0, address p1, bool p2) internal view {\n\t\t_sendLogPayload(abi.encodeWithSignature(\"log(address,address,bool)\", p0, p1, p2));\n\t}\n\n\tfunction log(address p0, address p1, address p2) internal view {\n\t\t_sendLogPayload(abi.encodeWithSignature(\"log(address,address,address)\", p0, p1, p2));\n\t}\n\n\tfunction log(uint256 p0, uint256 p1, uint256 p2, uint256 p3) internal view {\n\t\t_sendLogPayload(abi.encodeWithSignature(\"log(uint256,uint256,uint256,uint256)\", p0, p1, p2, p3));\n\t}\n\n\tfunction log(uint256 p0, uint256 p1, uint256 p2, string memory p3) internal view {\n\t\t_sendLogPayload(abi.encodeWithSignature(\"log(uint256,uint256,uint256,string)\", p0, p1, p2, p3));\n\t}\n\n\tfunction log(uint256 p0, uint256 p1, uint256 p2, bool p3) internal view {\n\t\t_sendLogPayload(abi.encodeWithSignature(\"log(uint256,uint256,uint256,bool)\", p0, p1, p2, p3));\n\t}\n\n\tfunction log(uint256 p0, uint256 p1, uint256 p2, address p3) internal view {\n\t\t_sendLogPayload(abi.encodeWithSignature(\"log(uint256,uint256,uint256,address)\", p0, p1, p2, p3));\n\t}\n\n\tfunction log(uint256 p0, uint256 p1, string memory p2, uint256 p3) internal view {\n\t\t_sendLogPayload(abi.encodeWithSignature(\"log(uint256,uint256,string,uint256)\", p0, p1, p2, p3));\n\t}\n\n\tfunction log(uint256 p0, uint256 p1, string memory p2, string memory p3) internal view {\n\t\t_sendLogPayload(abi.encodeWithSignature(\"log(uint256,uint256,string,string)\", p0, p1, p2, p3));\n\t}\n\n\tfunction log(uint256 p0, uint256 p1, string memory p2, bool p3) internal view {\n\t\t_sendLogPayload(abi.encodeWithSignature(\"log(uint256,uint256,string,bool)\", p0, p1, p2, p3));\n\t}\n\n\tfunction log(uint256 p0, uint256 p1, string memory p2, address p3) internal view {\n\t\t_sendLogPayload(abi.encodeWithSignature(\"log(uint256,uint256,string,address)\", p0, p1, p2, p3));\n\t}\n\n\tfunction log(uint256 p0, uint256 p1, bool p2, uint256 p3) internal view {\n\t\t_sendLogPayload(abi.encodeWithSignature(\"log(uint256,uint256,bool,uint256)\", p0, p1, p2, p3));\n\t}\n\n\tfunction log(uint256 p0, uint256 p1, bool p2, string memory p3) internal view {\n\t\t_sendLogPayload(abi.encodeWithSignature(\"log(uint256,uint256,bool,string)\", p0, p1, p2, p3));\n\t}\n\n\tfunction log(uint256 p0, uint256 p1, bool p2, bool p3) internal view {\n\t\t_sendLogPayload(abi.encodeWithSignature(\"log(uint256,uint256,bool,bool)\", p0, p1, p2, p3));\n\t}\n\n\tfunction log(uint256 p0, uint256 p1, bool p2, address p3) internal view {\n\t\t_sendLogPayload(abi.encodeWithSignature(\"log(uint256,uint256,bool,address)\", p0, p1, p2, p3));\n\t}\n\n\tfunction log(uint256 p0, uint256 p1, address p2, uint256 p3) internal view {\n\t\t_sendLogPayload(abi.encodeWithSignature(\"log(uint256,uint256,address,uint256)\", p0, p1, p2, p3));\n\t}\n\n\tfunction log(uint256 p0, uint256 p1, address p2, string memory p3) internal view {\n\t\t_sendLogPayload(abi.encodeWithSignature(\"log(uint256,uint256,address,string)\", p0, p1, p2, p3));\n\t}\n\n\tfunction log(uint256 p0, uint256 p1, address p2, bool p3) internal view {\n\t\t_sendLogPayload(abi.encodeWithSignature(\"log(uint256,uint256,address,bool)\", p0, p1, p2, p3));\n\t}\n\n\tfunction log(uint256 p0, uint256 p1, address p2, address p3) internal view {\n\t\t_sendLogPayload(abi.encodeWithSignature(\"log(uint256,uint256,address,address)\", p0, p1, p2, p3));\n\t}\n\n\tfunction log(uint256 p0, string memory p1, uint256 p2, uint256 p3) internal view {\n\t\t_sendLogPayload(abi.encodeWithSignature(\"log(uint256,string,uint256,uint256)\", p0, p1, p2, p3));\n\t}\n\n\tfunction log(uint256 p0, string memory p1, uint256 p2, string memory p3) internal view {\n\t\t_sendLogPayload(abi.encodeWithSignature(\"log(uint256,string,uint256,string)\", p0, p1, p2, p3));\n\t}\n\n\tfunction log(uint256 p0, string memory p1, uint256 p2, bool p3) internal view {\n\t\t_sendLogPayload(abi.encodeWithSignature(\"log(uint256,string,uint256,bool)\", p0, p1, p2, p3));\n\t}\n\n\tfunction log(uint256 p0, string memory p1, uint256 p2, address p3) internal view {\n\t\t_sendLogPayload(abi.encodeWithSignature(\"log(uint256,string,uint256,address)\", p0, p1, p2, p3));\n\t}\n\n\tfunction log(uint256 p0, string memory p1, string memory p2, uint256 p3) internal view {\n\t\t_sendLogPayload(abi.encodeWithSignature(\"log(uint256,string,string,uint256)\", p0, p1, p2, p3));\n\t}\n\n\tfunction log(uint256 p0, string memory p1, string memory p2, string memory p3) internal view {\n\t\t_sendLogPayload(abi.encodeWithSignature(\"log(uint256,string,string,string)\", p0, p1, p2, p3));\n\t}\n\n\tfunction log(uint256 p0, string memory p1, string memory p2, bool p3) internal view {\n\t\t_sendLogPayload(abi.encodeWithSignature(\"log(uint256,string,string,bool)\", p0, p1, p2, p3));\n\t}\n\n\tfunction log(uint256 p0, string memory p1, string memory p2, address p3) internal view {\n\t\t_sendLogPayload(abi.encodeWithSignature(\"log(uint256,string,string,address)\", p0, p1, p2, p3));\n\t}\n\n\tfunction log(uint256 p0, string memory p1, bool p2, uint256 p3) internal view {\n\t\t_sendLogPayload(abi.encodeWithSignature(\"log(uint256,string,bool,uint256)\", p0, p1, p2, p3));\n\t}\n\n\tfunction log(uint256 p0, string memory p1, bool p2, string memory p3) internal view {\n\t\t_sendLogPayload(abi.encodeWithSignature(\"log(uint256,string,bool,string)\", p0, p1, p2, p3));\n\t}\n\n\tfunction log(uint256 p0, string memory p1, bool p2, bool p3) internal view {\n\t\t_sendLogPayload(abi.encodeWithSignature(\"log(uint256,string,bool,bool)\", p0, p1, p2, p3));\n\t}\n\n\tfunction log(uint256 p0, string memory p1, bool p2, address p3) internal view {\n\t\t_sendLogPayload(abi.encodeWithSignature(\"log(uint256,string,bool,address)\", p0, p1, p2, p3));\n\t}\n\n\tfunction log(uint256 p0, string memory p1, address p2, uint256 p3) internal view {\n\t\t_sendLogPayload(abi.encodeWithSignature(\"log(uint256,string,address,uint256)\", p0, p1, p2, p3));\n\t}\n\n\tfunction log(uint256 p0, string memory p1, address p2, string memory p3) internal view {\n\t\t_sendLogPayload(abi.encodeWithSignature(\"log(uint256,string,address,string)\", p0, p1, p2, p3));\n\t}\n\n\tfunction log(uint256 p0, string memory p1, address p2, bool p3) internal view {\n\t\t_sendLogPayload(abi.encodeWithSignature(\"log(uint256,string,address,bool)\", p0, p1, p2, p3));\n\t}\n\n\tfunction log(uint256 p0, string memory p1, address p2, address p3) internal view {\n\t\t_sendLogPayload(abi.encodeWithSignature(\"log(uint256,string,address,address)\", p0, p1, p2, p3));\n\t}\n\n\tfunction log(uint256 p0, bool p1, uint256 p2, uint256 p3) internal view {\n\t\t_sendLogPayload(abi.encodeWithSignature(\"log(uint256,bool,uint256,uint256)\", p0, p1, p2, p3));\n\t}\n\n\tfunction log(uint256 p0, bool p1, uint256 p2, string memory p3) internal view {\n\t\t_sendLogPayload(abi.encodeWithSignature(\"log(uint256,bool,uint256,string)\", p0, p1, p2, p3));\n\t}\n\n\tfunction log(uint256 p0, bool p1, uint256 p2, bool p3) internal view {\n\t\t_sendLogPayload(abi.encodeWithSignature(\"log(uint256,bool,uint256,bool)\", p0, p1, p2, p3));\n\t}\n\n\tfunction log(uint256 p0, bool p1, uint256 p2, address p3) internal view {\n\t\t_sendLogPayload(abi.encodeWithSignature(\"log(uint256,bool,uint256,address)\", p0, p1, p2, p3));\n\t}\n\n\tfunction log(uint256 p0, bool p1, string memory p2, uint256 p3) internal view {\n\t\t_sendLogPayload(abi.encodeWithSignature(\"log(uint256,bool,string,uint256)\", p0, p1, p2, p3));\n\t}\n\n\tfunction log(uint256 p0, bool p1, string memory p2, string memory p3) internal view {\n\t\t_sendLogPayload(abi.encodeWithSignature(\"log(uint256,bool,string,string)\", p0, p1, p2, p3));\n\t}\n\n\tfunction log(uint256 p0, bool p1, string memory p2, bool p3) internal view {\n\t\t_sendLogPayload(abi.encodeWithSignature(\"log(uint256,bool,string,bool)\", p0, p1, p2, p3));\n\t}\n\n\tfunction log(uint256 p0, bool p1, string memory p2, address p3) internal view {\n\t\t_sendLogPayload(abi.encodeWithSignature(\"log(uint256,bool,string,address)\", p0, p1, p2, p3));\n\t}\n\n\tfunction log(uint256 p0, bool p1, bool p2, uint256 p3) internal view {\n\t\t_sendLogPayload(abi.encodeWithSignature(\"log(uint256,bool,bool,uint256)\", p0, p1, p2, p3));\n\t}\n\n\tfunction log(uint256 p0, bool p1, bool p2, string memory p3) internal view {\n\t\t_sendLogPayload(abi.encodeWithSignature(\"log(uint256,bool,bool,string)\", p0, p1, p2, p3));\n\t}\n\n\tfunction log(uint256 p0, bool p1, bool p2, bool p3) internal view {\n\t\t_sendLogPayload(abi.encodeWithSignature(\"log(uint256,bool,bool,bool)\", p0, p1, p2, p3));\n\t}\n\n\tfunction log(uint256 p0, bool p1, bool p2, address p3) internal view {\n\t\t_sendLogPayload(abi.encodeWithSignature(\"log(uint256,bool,bool,address)\", p0, p1, p2, p3));\n\t}\n\n\tfunction log(uint256 p0, bool p1, address p2, uint256 p3) internal view {\n\t\t_sendLogPayload(abi.encodeWithSignature(\"log(uint256,bool,address,uint256)\", p0, p1, p2, p3));\n\t}\n\n\tfunction log(uint256 p0, bool p1, address p2, string memory p3) internal view {\n\t\t_sendLogPayload(abi.encodeWithSignature(\"log(uint256,bool,address,string)\", p0, p1, p2, p3));\n\t}\n\n\tfunction log(uint256 p0, bool p1, address p2, bool p3) internal view {\n\t\t_sendLogPayload(abi.encodeWithSignature(\"log(uint256,bool,address,bool)\", p0, p1, p2, p3));\n\t}\n\n\tfunction log(uint256 p0, bool p1, address p2, address p3) internal view {\n\t\t_sendLogPayload(abi.encodeWithSignature(\"log(uint256,bool,address,address)\", p0, p1, p2, p3));\n\t}\n\n\tfunction log(uint256 p0, address p1, uint256 p2, uint256 p3) internal view {\n\t\t_sendLogPayload(abi.encodeWithSignature(\"log(uint256,address,uint256,uint256)\", p0, p1, p2, p3));\n\t}\n\n\tfunction log(uint256 p0, address p1, uint256 p2, string memory p3) internal view {\n\t\t_sendLogPayload(abi.encodeWithSignature(\"log(uint256,address,uint256,string)\", p0, p1, p2, p3));\n\t}\n\n\tfunction log(uint256 p0, address p1, uint256 p2, bool p3) internal view {\n\t\t_sendLogPayload(abi.encodeWithSignature(\"log(uint256,address,uint256,bool)\", p0, p1, p2, p3));\n\t}\n\n\tfunction log(uint256 p0, address p1, uint256 p2, address p3) internal view {\n\t\t_sendLogPayload(abi.encodeWithSignature(\"log(uint256,address,uint256,address)\", p0, p1, p2, p3));\n\t}\n\n\tfunction log(uint256 p0, address p1, string memory p2, uint256 p3) internal view {\n\t\t_sendLogPayload(abi.encodeWithSignature(\"log(uint256,address,string,uint256)\", p0, p1, p2, p3));\n\t}\n\n\tfunction log(uint256 p0, address p1, string memory p2, string memory p3) internal view {\n\t\t_sendLogPayload(abi.encodeWithSignature(\"log(uint256,address,string,string)\", p0, p1, p2, p3));\n\t}\n\n\tfunction log(uint256 p0, address p1, string memory p2, bool p3) internal view {\n\t\t_sendLogPayload(abi.encodeWithSignature(\"log(uint256,address,string,bool)\", p0, p1, p2, p3));\n\t}\n\n\tfunction log(uint256 p0, address p1, string memory p2, address p3) internal view {\n\t\t_sendLogPayload(abi.encodeWithSignature(\"log(uint256,address,string,address)\", p0, p1, p2, p3));\n\t}\n\n\tfunction log(uint256 p0, address p1, bool p2, uint256 p3) internal view {\n\t\t_sendLogPayload(abi.encodeWithSignature(\"log(uint256,address,bool,uint256)\", p0, p1, p2, p3));\n\t}\n\n\tfunction log(uint256 p0, address p1, bool p2, string memory p3) internal view {\n\t\t_sendLogPayload(abi.encodeWithSignature(\"log(uint256,address,bool,string)\", p0, p1, p2, p3));\n\t}\n\n\tfunction log(uint256 p0, address p1, bool p2, bool p3) internal view {\n\t\t_sendLogPayload(abi.encodeWithSignature(\"log(uint256,address,bool,bool)\", p0, p1, p2, p3));\n\t}\n\n\tfunction log(uint256 p0, address p1, bool p2, address p3) internal view {\n\t\t_sendLogPayload(abi.encodeWithSignature(\"log(uint256,address,bool,address)\", p0, p1, p2, p3));\n\t}\n\n\tfunction log(uint256 p0, address p1, address p2, uint256 p3) internal view {\n\t\t_sendLogPayload(abi.encodeWithSignature(\"log(uint256,address,address,uint256)\", p0, p1, p2, p3));\n\t}\n\n\tfunction log(uint256 p0, address p1, address p2, string memory p3) internal view {\n\t\t_sendLogPayload(abi.encodeWithSignature(\"log(uint256,address,address,string)\", p0, p1, p2, p3));\n\t}\n\n\tfunction log(uint256 p0, address p1, address p2, bool p3) internal view {\n\t\t_sendLogPayload(abi.encodeWithSignature(\"log(uint256,address,address,bool)\", p0, p1, p2, p3));\n\t}\n\n\tfunction log(uint256 p0, address p1, address p2, address p3) internal view {\n\t\t_sendLogPayload(abi.encodeWithSignature(\"log(uint256,address,address,address)\", p0, p1, p2, p3));\n\t}\n\n\tfunction log(string memory p0, uint256 p1, uint256 p2, uint256 p3) internal view {\n\t\t_sendLogPayload(abi.encodeWithSignature(\"log(string,uint256,uint256,uint256)\", p0, p1, p2, p3));\n\t}\n\n\tfunction log(string memory p0, uint256 p1, uint256 p2, string memory p3) internal view {\n\t\t_sendLogPayload(abi.encodeWithSignature(\"log(string,uint256,uint256,string)\", p0, p1, p2, p3));\n\t}\n\n\tfunction log(string memory p0, uint256 p1, uint256 p2, bool p3) internal view {\n\t\t_sendLogPayload(abi.encodeWithSignature(\"log(string,uint256,uint256,bool)\", p0, p1, p2, p3));\n\t}\n\n\tfunction log(string memory p0, uint256 p1, uint256 p2, address p3) internal view {\n\t\t_sendLogPayload(abi.encodeWithSignature(\"log(string,uint256,uint256,address)\", p0, p1, p2, p3));\n\t}\n\n\tfunction log(string memory p0, uint256 p1, string memory p2, uint256 p3) internal view {\n\t\t_sendLogPayload(abi.encodeWithSignature(\"log(string,uint256,string,uint256)\", p0, p1, p2, p3));\n\t}\n\n\tfunction log(string memory p0, uint256 p1, string memory p2, string memory p3) internal view {\n\t\t_sendLogPayload(abi.encodeWithSignature(\"log(string,uint256,string,string)\", p0, p1, p2, p3));\n\t}\n\n\tfunction log(string memory p0, uint256 p1, string memory p2, bool p3) internal view {\n\t\t_sendLogPayload(abi.encodeWithSignature(\"log(string,uint256,string,bool)\", p0, p1, p2, p3));\n\t}\n\n\tfunction log(string memory p0, uint256 p1, string memory p2, address p3) internal view {\n\t\t_sendLogPayload(abi.encodeWithSignature(\"log(string,uint256,string,address)\", p0, p1, p2, p3));\n\t}\n\n\tfunction log(string memory p0, uint256 p1, bool p2, uint256 p3) internal view {\n\t\t_sendLogPayload(abi.encodeWithSignature(\"log(string,uint256,bool,uint256)\", p0, p1, p2, p3));\n\t}\n\n\tfunction log(string memory p0, uint256 p1, bool p2, string memory p3) internal view {\n\t\t_sendLogPayload(abi.encodeWithSignature(\"log(string,uint256,bool,string)\", p0, p1, p2, p3));\n\t}\n\n\tfunction log(string memory p0, uint256 p1, bool p2, bool p3) internal view {\n\t\t_sendLogPayload(abi.encodeWithSignature(\"log(string,uint256,bool,bool)\", p0, p1, p2, p3));\n\t}\n\n\tfunction log(string memory p0, uint256 p1, bool p2, address p3) internal view {\n\t\t_sendLogPayload(abi.encodeWithSignature(\"log(string,uint256,bool,address)\", p0, p1, p2, p3));\n\t}\n\n\tfunction log(string memory p0, uint256 p1, address p2, uint256 p3) internal view {\n\t\t_sendLogPayload(abi.encodeWithSignature(\"log(string,uint256,address,uint256)\", p0, p1, p2, p3));\n\t}\n\n\tfunction log(string memory p0, uint256 p1, address p2, string memory p3) internal view {\n\t\t_sendLogPayload(abi.encodeWithSignature(\"log(string,uint256,address,string)\", p0, p1, p2, p3));\n\t}\n\n\tfunction log(string memory p0, uint256 p1, address p2, bool p3) internal view {\n\t\t_sendLogPayload(abi.encodeWithSignature(\"log(string,uint256,address,bool)\", p0, p1, p2, p3));\n\t}\n\n\tfunction log(string memory p0, uint256 p1, address p2, address p3) internal view {\n\t\t_sendLogPayload(abi.encodeWithSignature(\"log(string,uint256,address,address)\", p0, p1, p2, p3));\n\t}\n\n\tfunction log(string memory p0, string memory p1, uint256 p2, uint256 p3) internal view {\n\t\t_sendLogPayload(abi.encodeWithSignature(\"log(string,string,uint256,uint256)\", p0, p1, p2, p3));\n\t}\n\n\tfunction log(string memory p0, string memory p1, uint256 p2, string memory p3) internal view {\n\t\t_sendLogPayload(abi.encodeWithSignature(\"log(string,string,uint256,string)\", p0, p1, p2, p3));\n\t}\n\n\tfunction log(string memory p0, string memory p1, uint256 p2, bool p3) internal view {\n\t\t_sendLogPayload(abi.encodeWithSignature(\"log(string,string,uint256,bool)\", p0, p1, p2, p3));\n\t}\n\n\tfunction log(string memory p0, string memory p1, uint256 p2, address p3) internal view {\n\t\t_sendLogPayload(abi.encodeWithSignature(\"log(string,string,uint256,address)\", p0, p1, p2, p3));\n\t}\n\n\tfunction log(string memory p0, string memory p1, string memory p2, uint256 p3) internal view {\n\t\t_sendLogPayload(abi.encodeWithSignature(\"log(string,string,string,uint256)\", p0, p1, p2, p3));\n\t}\n\n\tfunction log(string memory p0, string memory p1, string memory p2, string memory p3) internal view {\n\t\t_sendLogPayload(abi.encodeWithSignature(\"log(string,string,string,string)\", p0, p1, p2, p3));\n\t}\n\n\tfunction log(string memory p0, string memory p1, string memory p2, bool p3) internal view {\n\t\t_sendLogPayload(abi.encodeWithSignature(\"log(string,string,string,bool)\", p0, p1, p2, p3));\n\t}\n\n\tfunction log(string memory p0, string memory p1, string memory p2, address p3) internal view {\n\t\t_sendLogPayload(abi.encodeWithSignature(\"log(string,string,string,address)\", p0, p1, p2, p3));\n\t}\n\n\tfunction log(string memory p0, string memory p1, bool p2, uint256 p3) internal view {\n\t\t_sendLogPayload(abi.encodeWithSignature(\"log(string,string,bool,uint256)\", p0, p1, p2, p3));\n\t}\n\n\tfunction log(string memory p0, string memory p1, bool p2, string memory p3) internal view {\n\t\t_sendLogPayload(abi.encodeWithSignature(\"log(string,string,bool,string)\", p0, p1, p2, p3));\n\t}\n\n\tfunction log(string memory p0, string memory p1, bool p2, bool p3) internal view {\n\t\t_sendLogPayload(abi.encodeWithSignature(\"log(string,string,bool,bool)\", p0, p1, p2, p3));\n\t}\n\n\tfunction log(string memory p0, string memory p1, bool p2, address p3) internal view {\n\t\t_sendLogPayload(abi.encodeWithSignature(\"log(string,string,bool,address)\", p0, p1, p2, p3));\n\t}\n\n\tfunction log(string memory p0, string memory p1, address p2, uint256 p3) internal view {\n\t\t_sendLogPayload(abi.encodeWithSignature(\"log(string,string,address,uint256)\", p0, p1, p2, p3));\n\t}\n\n\tfunction log(string memory p0, string memory p1, address p2, string memory p3) internal view {\n\t\t_sendLogPayload(abi.encodeWithSignature(\"log(string,string,address,string)\", p0, p1, p2, p3));\n\t}\n\n\tfunction log(string memory p0, string memory p1, address p2, bool p3) internal view {\n\t\t_sendLogPayload(abi.encodeWithSignature(\"log(string,string,address,bool)\", p0, p1, p2, p3));\n\t}\n\n\tfunction log(string memory p0, string memory p1, address p2, address p3) internal view {\n\t\t_sendLogPayload(abi.encodeWithSignature(\"log(string,string,address,address)\", p0, p1, p2, p3));\n\t}\n\n\tfunction log(string memory p0, bool p1, uint256 p2, uint256 p3) internal view {\n\t\t_sendLogPayload(abi.encodeWithSignature(\"log(string,bool,uint256,uint256)\", p0, p1, p2, p3));\n\t}\n\n\tfunction log(string memory p0, bool p1, uint256 p2, string memory p3) internal view {\n\t\t_sendLogPayload(abi.encodeWithSignature(\"log(string,bool,uint256,string)\", p0, p1, p2, p3));\n\t}\n\n\tfunction log(string memory p0, bool p1, uint256 p2, bool p3) internal view {\n\t\t_sendLogPayload(abi.encodeWithSignature(\"log(string,bool,uint256,bool)\", p0, p1, p2, p3));\n\t}\n\n\tfunction log(string memory p0, bool p1, uint256 p2, address p3) internal view {\n\t\t_sendLogPayload(abi.encodeWithSignature(\"log(string,bool,uint256,address)\", p0, p1, p2, p3));\n\t}\n\n\tfunction log(string memory p0, bool p1, string memory p2, uint256 p3) internal view {\n\t\t_sendLogPayload(abi.encodeWithSignature(\"log(string,bool,string,uint256)\", p0, p1, p2, p3));\n\t}\n\n\tfunction log(string memory p0, bool p1, string memory p2, string memory p3) internal view {\n\t\t_sendLogPayload(abi.encodeWithSignature(\"log(string,bool,string,string)\", p0, p1, p2, p3));\n\t}\n\n\tfunction log(string memory p0, bool p1, string memory p2, bool p3) internal view {\n\t\t_sendLogPayload(abi.encodeWithSignature(\"log(string,bool,string,bool)\", p0, p1, p2, p3));\n\t}\n\n\tfunction log(string memory p0, bool p1, string memory p2, address p3) internal view {\n\t\t_sendLogPayload(abi.encodeWithSignature(\"log(string,bool,string,address)\", p0, p1, p2, p3));\n\t}\n\n\tfunction log(string memory p0, bool p1, bool p2, uint256 p3) internal view {\n\t\t_sendLogPayload(abi.encodeWithSignature(\"log(string,bool,bool,uint256)\", p0, p1, p2, p3));\n\t}\n\n\tfunction log(string memory p0, bool p1, bool p2, string memory p3) internal view {\n\t\t_sendLogPayload(abi.encodeWithSignature(\"log(string,bool,bool,string)\", p0, p1, p2, p3));\n\t}\n\n\tfunction log(string memory p0, bool p1, bool p2, bool p3) internal view {\n\t\t_sendLogPayload(abi.encodeWithSignature(\"log(string,bool,bool,bool)\", p0, p1, p2, p3));\n\t}\n\n\tfunction log(string memory p0, bool p1, bool p2, address p3) internal view {\n\t\t_sendLogPayload(abi.encodeWithSignature(\"log(string,bool,bool,address)\", p0, p1, p2, p3));\n\t}\n\n\tfunction log(string memory p0, bool p1, address p2, uint256 p3) internal view {\n\t\t_sendLogPayload(abi.encodeWithSignature(\"log(string,bool,address,uint256)\", p0, p1, p2, p3));\n\t}\n\n\tfunction log(string memory p0, bool p1, address p2, string memory p3) internal view {\n\t\t_sendLogPayload(abi.encodeWithSignature(\"log(string,bool,address,string)\", p0, p1, p2, p3));\n\t}\n\n\tfunction log(string memory p0, bool p1, address p2, bool p3) internal view {\n\t\t_sendLogPayload(abi.encodeWithSignature(\"log(string,bool,address,bool)\", p0, p1, p2, p3));\n\t}\n\n\tfunction log(string memory p0, bool p1, address p2, address p3) internal view {\n\t\t_sendLogPayload(abi.encodeWithSignature(\"log(string,bool,address,address)\", p0, p1, p2, p3));\n\t}\n\n\tfunction log(string memory p0, address p1, uint256 p2, uint256 p3) internal view {\n\t\t_sendLogPayload(abi.encodeWithSignature(\"log(string,address,uint256,uint256)\", p0, p1, p2, p3));\n\t}\n\n\tfunction log(string memory p0, address p1, uint256 p2, string memory p3) internal view {\n\t\t_sendLogPayload(abi.encodeWithSignature(\"log(string,address,uint256,string)\", p0, p1, p2, p3));\n\t}\n\n\tfunction log(string memory p0, address p1, uint256 p2, bool p3) internal view {\n\t\t_sendLogPayload(abi.encodeWithSignature(\"log(string,address,uint256,bool)\", p0, p1, p2, p3));\n\t}\n\n\tfunction log(string memory p0, address p1, uint256 p2, address p3) internal view {\n\t\t_sendLogPayload(abi.encodeWithSignature(\"log(string,address,uint256,address)\", p0, p1, p2, p3));\n\t}\n\n\tfunction log(string memory p0, address p1, string memory p2, uint256 p3) internal view {\n\t\t_sendLogPayload(abi.encodeWithSignature(\"log(string,address,string,uint256)\", p0, p1, p2, p3));\n\t}\n\n\tfunction log(string memory p0, address p1, string memory p2, string memory p3) internal view {\n\t\t_sendLogPayload(abi.encodeWithSignature(\"log(string,address,string,string)\", p0, p1, p2, p3));\n\t}\n\n\tfunction log(string memory p0, address p1, string memory p2, bool p3) internal view {\n\t\t_sendLogPayload(abi.encodeWithSignature(\"log(string,address,string,bool)\", p0, p1, p2, p3));\n\t}\n\n\tfunction log(string memory p0, address p1, string memory p2, address p3) internal view {\n\t\t_sendLogPayload(abi.encodeWithSignature(\"log(string,address,string,address)\", p0, p1, p2, p3));\n\t}\n\n\tfunction log(string memory p0, address p1, bool p2, uint256 p3) internal view {\n\t\t_sendLogPayload(abi.encodeWithSignature(\"log(string,address,bool,uint256)\", p0, p1, p2, p3));\n\t}\n\n\tfunction log(string memory p0, address p1, bool p2, string memory p3) internal view {\n\t\t_sendLogPayload(abi.encodeWithSignature(\"log(string,address,bool,string)\", p0, p1, p2, p3));\n\t}\n\n\tfunction log(string memory p0, address p1, bool p2, bool p3) internal view {\n\t\t_sendLogPayload(abi.encodeWithSignature(\"log(string,address,bool,bool)\", p0, p1, p2, p3));\n\t}\n\n\tfunction log(string memory p0, address p1, bool p2, address p3) internal view {\n\t\t_sendLogPayload(abi.encodeWithSignature(\"log(string,address,bool,address)\", p0, p1, p2, p3));\n\t}\n\n\tfunction log(string memory p0, address p1, address p2, uint256 p3) internal view {\n\t\t_sendLogPayload(abi.encodeWithSignature(\"log(string,address,address,uint256)\", p0, p1, p2, p3));\n\t}\n\n\tfunction log(string memory p0, address p1, address p2, string memory p3) internal view {\n\t\t_sendLogPayload(abi.encodeWithSignature(\"log(string,address,address,string)\", p0, p1, p2, p3));\n\t}\n\n\tfunction log(string memory p0, address p1, address p2, bool p3) internal view {\n\t\t_sendLogPayload(abi.encodeWithSignature(\"log(string,address,address,bool)\", p0, p1, p2, p3));\n\t}\n\n\tfunction log(string memory p0, address p1, address p2, address p3) internal view {\n\t\t_sendLogPayload(abi.encodeWithSignature(\"log(string,address,address,address)\", p0, p1, p2, p3));\n\t}\n\n\tfunction log(bool p0, uint256 p1, uint256 p2, uint256 p3) internal view {\n\t\t_sendLogPayload(abi.encodeWithSignature(\"log(bool,uint256,uint256,uint256)\", p0, p1, p2, p3));\n\t}\n\n\tfunction log(bool p0, uint256 p1, uint256 p2, string memory p3) internal view {\n\t\t_sendLogPayload(abi.encodeWithSignature(\"log(bool,uint256,uint256,string)\", p0, p1, p2, p3));\n\t}\n\n\tfunction log(bool p0, uint256 p1, uint256 p2, bool p3) internal view {\n\t\t_sendLogPayload(abi.encodeWithSignature(\"log(bool,uint256,uint256,bool)\", p0, p1, p2, p3));\n\t}\n\n\tfunction log(bool p0, uint256 p1, uint256 p2, address p3) internal view {\n\t\t_sendLogPayload(abi.encodeWithSignature(\"log(bool,uint256,uint256,address)\", p0, p1, p2, p3));\n\t}\n\n\tfunction log(bool p0, uint256 p1, string memory p2, uint256 p3) internal view {\n\t\t_sendLogPayload(abi.encodeWithSignature(\"log(bool,uint256,string,uint256)\", p0, p1, p2, p3));\n\t}\n\n\tfunction log(bool p0, uint256 p1, string memory p2, string memory p3) internal view {\n\t\t_sendLogPayload(abi.encodeWithSignature(\"log(bool,uint256,string,string)\", p0, p1, p2, p3));\n\t}\n\n\tfunction log(bool p0, uint256 p1, string memory p2, bool p3) internal view {\n\t\t_sendLogPayload(abi.encodeWithSignature(\"log(bool,uint256,string,bool)\", p0, p1, p2, p3));\n\t}\n\n\tfunction log(bool p0, uint256 p1, string memory p2, address p3) internal view {\n\t\t_sendLogPayload(abi.encodeWithSignature(\"log(bool,uint256,string,address)\", p0, p1, p2, p3));\n\t}\n\n\tfunction log(bool p0, uint256 p1, bool p2, uint256 p3) internal view {\n\t\t_sendLogPayload(abi.encodeWithSignature(\"log(bool,uint256,bool,uint256)\", p0, p1, p2, p3));\n\t}\n\n\tfunction log(bool p0, uint256 p1, bool p2, string memory p3) internal view {\n\t\t_sendLogPayload(abi.encodeWithSignature(\"log(bool,uint256,bool,string)\", p0, p1, p2, p3));\n\t}\n\n\tfunction log(bool p0, uint256 p1, bool p2, bool p3) internal view {\n\t\t_sendLogPayload(abi.encodeWithSignature(\"log(bool,uint256,bool,bool)\", p0, p1, p2, p3));\n\t}\n\n\tfunction log(bool p0, uint256 p1, bool p2, address p3) internal view {\n\t\t_sendLogPayload(abi.encodeWithSignature(\"log(bool,uint256,bool,address)\", p0, p1, p2, p3));\n\t}\n\n\tfunction log(bool p0, uint256 p1, address p2, uint256 p3) internal view {\n\t\t_sendLogPayload(abi.encodeWithSignature(\"log(bool,uint256,address,uint256)\", p0, p1, p2, p3));\n\t}\n\n\tfunction log(bool p0, uint256 p1, address p2, string memory p3) internal view {\n\t\t_sendLogPayload(abi.encodeWithSignature(\"log(bool,uint256,address,string)\", p0, p1, p2, p3));\n\t}\n\n\tfunction log(bool p0, uint256 p1, address p2, bool p3) internal view {\n\t\t_sendLogPayload(abi.encodeWithSignature(\"log(bool,uint256,address,bool)\", p0, p1, p2, p3));\n\t}\n\n\tfunction log(bool p0, uint256 p1, address p2, address p3) internal view {\n\t\t_sendLogPayload(abi.encodeWithSignature(\"log(bool,uint256,address,address)\", p0, p1, p2, p3));\n\t}\n\n\tfunction log(bool p0, string memory p1, uint256 p2, uint256 p3) internal view {\n\t\t_sendLogPayload(abi.encodeWithSignature(\"log(bool,string,uint256,uint256)\", p0, p1, p2, p3));\n\t}\n\n\tfunction log(bool p0, string memory p1, uint256 p2, string memory p3) internal view {\n\t\t_sendLogPayload(abi.encodeWithSignature(\"log(bool,string,uint256,string)\", p0, p1, p2, p3));\n\t}\n\n\tfunction log(bool p0, string memory p1, uint256 p2, bool p3) internal view {\n\t\t_sendLogPayload(abi.encodeWithSignature(\"log(bool,string,uint256,bool)\", p0, p1, p2, p3));\n\t}\n\n\tfunction log(bool p0, string memory p1, uint256 p2, address p3) internal view {\n\t\t_sendLogPayload(abi.encodeWithSignature(\"log(bool,string,uint256,address)\", p0, p1, p2, p3));\n\t}\n\n\tfunction log(bool p0, string memory p1, string memory p2, uint256 p3) internal view {\n\t\t_sendLogPayload(abi.encodeWithSignature(\"log(bool,string,string,uint256)\", p0, p1, p2, p3));\n\t}\n\n\tfunction log(bool p0, string memory p1, string memory p2, string memory p3) internal view {\n\t\t_sendLogPayload(abi.encodeWithSignature(\"log(bool,string,string,string)\", p0, p1, p2, p3));\n\t}\n\n\tfunction log(bool p0, string memory p1, string memory p2, bool p3) internal view {\n\t\t_sendLogPayload(abi.encodeWithSignature(\"log(bool,string,string,bool)\", p0, p1, p2, p3));\n\t}\n\n\tfunction log(bool p0, string memory p1, string memory p2, address p3) internal view {\n\t\t_sendLogPayload(abi.encodeWithSignature(\"log(bool,string,string,address)\", p0, p1, p2, p3));\n\t}\n\n\tfunction log(bool p0, string memory p1, bool p2, uint256 p3) internal view {\n\t\t_sendLogPayload(abi.encodeWithSignature(\"log(bool,string,bool,uint256)\", p0, p1, p2, p3));\n\t}\n\n\tfunction log(bool p0, string memory p1, bool p2, string memory p3) internal view {\n\t\t_sendLogPayload(abi.encodeWithSignature(\"log(bool,string,bool,string)\", p0, p1, p2, p3));\n\t}\n\n\tfunction log(bool p0, string memory p1, bool p2, bool p3) internal view {\n\t\t_sendLogPayload(abi.encodeWithSignature(\"log(bool,string,bool,bool)\", p0, p1, p2, p3));\n\t}\n\n\tfunction log(bool p0, string memory p1, bool p2, address p3) internal view {\n\t\t_sendLogPayload(abi.encodeWithSignature(\"log(bool,string,bool,address)\", p0, p1, p2, p3));\n\t}\n\n\tfunction log(bool p0, string memory p1, address p2, uint256 p3) internal view {\n\t\t_sendLogPayload(abi.encodeWithSignature(\"log(bool,string,address,uint256)\", p0, p1, p2, p3));\n\t}\n\n\tfunction log(bool p0, string memory p1, address p2, string memory p3) internal view {\n\t\t_sendLogPayload(abi.encodeWithSignature(\"log(bool,string,address,string)\", p0, p1, p2, p3));\n\t}\n\n\tfunction log(bool p0, string memory p1, address p2, bool p3) internal view {\n\t\t_sendLogPayload(abi.encodeWithSignature(\"log(bool,string,address,bool)\", p0, p1, p2, p3));\n\t}\n\n\tfunction log(bool p0, string memory p1, address p2, address p3) internal view {\n\t\t_sendLogPayload(abi.encodeWithSignature(\"log(bool,string,address,address)\", p0, p1, p2, p3));\n\t}\n\n\tfunction log(bool p0, bool p1, uint256 p2, uint256 p3) internal view {\n\t\t_sendLogPayload(abi.encodeWithSignature(\"log(bool,bool,uint256,uint256)\", p0, p1, p2, p3));\n\t}\n\n\tfunction log(bool p0, bool p1, uint256 p2, string memory p3) internal view {\n\t\t_sendLogPayload(abi.encodeWithSignature(\"log(bool,bool,uint256,string)\", p0, p1, p2, p3));\n\t}\n\n\tfunction log(bool p0, bool p1, uint256 p2, bool p3) internal view {\n\t\t_sendLogPayload(abi.encodeWithSignature(\"log(bool,bool,uint256,bool)\", p0, p1, p2, p3));\n\t}\n\n\tfunction log(bool p0, bool p1, uint256 p2, address p3) internal view {\n\t\t_sendLogPayload(abi.encodeWithSignature(\"log(bool,bool,uint256,address)\", p0, p1, p2, p3));\n\t}\n\n\tfunction log(bool p0, bool p1, string memory p2, uint256 p3) internal view {\n\t\t_sendLogPayload(abi.encodeWithSignature(\"log(bool,bool,string,uint256)\", p0, p1, p2, p3));\n\t}\n\n\tfunction log(bool p0, bool p1, string memory p2, string memory p3) internal view {\n\t\t_sendLogPayload(abi.encodeWithSignature(\"log(bool,bool,string,string)\", p0, p1, p2, p3));\n\t}\n\n\tfunction log(bool p0, bool p1, string memory p2, bool p3) internal view {\n\t\t_sendLogPayload(abi.encodeWithSignature(\"log(bool,bool,string,bool)\", p0, p1, p2, p3));\n\t}\n\n\tfunction log(bool p0, bool p1, string memory p2, address p3) internal view {\n\t\t_sendLogPayload(abi.encodeWithSignature(\"log(bool,bool,string,address)\", p0, p1, p2, p3));\n\t}\n\n\tfunction log(bool p0, bool p1, bool p2, uint256 p3) internal view {\n\t\t_sendLogPayload(abi.encodeWithSignature(\"log(bool,bool,bool,uint256)\", p0, p1, p2, p3));\n\t}\n\n\tfunction log(bool p0, bool p1, bool p2, string memory p3) internal view {\n\t\t_sendLogPayload(abi.encodeWithSignature(\"log(bool,bool,bool,string)\", p0, p1, p2, p3));\n\t}\n\n\tfunction log(bool p0, bool p1, bool p2, bool p3) internal view {\n\t\t_sendLogPayload(abi.encodeWithSignature(\"log(bool,bool,bool,bool)\", p0, p1, p2, p3));\n\t}\n\n\tfunction log(bool p0, bool p1, bool p2, address p3) internal view {\n\t\t_sendLogPayload(abi.encodeWithSignature(\"log(bool,bool,bool,address)\", p0, p1, p2, p3));\n\t}\n\n\tfunction log(bool p0, bool p1, address p2, uint256 p3) internal view {\n\t\t_sendLogPayload(abi.encodeWithSignature(\"log(bool,bool,address,uint256)\", p0, p1, p2, p3));\n\t}\n\n\tfunction log(bool p0, bool p1, address p2, string memory p3) internal view {\n\t\t_sendLogPayload(abi.encodeWithSignature(\"log(bool,bool,address,string)\", p0, p1, p2, p3));\n\t}\n\n\tfunction log(bool p0, bool p1, address p2, bool p3) internal view {\n\t\t_sendLogPayload(abi.encodeWithSignature(\"log(bool,bool,address,bool)\", p0, p1, p2, p3));\n\t}\n\n\tfunction log(bool p0, bool p1, address p2, address p3) internal view {\n\t\t_sendLogPayload(abi.encodeWithSignature(\"log(bool,bool,address,address)\", p0, p1, p2, p3));\n\t}\n\n\tfunction log(bool p0, address p1, uint256 p2, uint256 p3) internal view {\n\t\t_sendLogPayload(abi.encodeWithSignature(\"log(bool,address,uint256,uint256)\", p0, p1, p2, p3));\n\t}\n\n\tfunction log(bool p0, address p1, uint256 p2, string memory p3) internal view {\n\t\t_sendLogPayload(abi.encodeWithSignature(\"log(bool,address,uint256,string)\", p0, p1, p2, p3));\n\t}\n\n\tfunction log(bool p0, address p1, uint256 p2, bool p3) internal view {\n\t\t_sendLogPayload(abi.encodeWithSignature(\"log(bool,address,uint256,bool)\", p0, p1, p2, p3));\n\t}\n\n\tfunction log(bool p0, address p1, uint256 p2, address p3) internal view {\n\t\t_sendLogPayload(abi.encodeWithSignature(\"log(bool,address,uint256,address)\", p0, p1, p2, p3));\n\t}\n\n\tfunction log(bool p0, address p1, string memory p2, uint256 p3) internal view {\n\t\t_sendLogPayload(abi.encodeWithSignature(\"log(bool,address,string,uint256)\", p0, p1, p2, p3));\n\t}\n\n\tfunction log(bool p0, address p1, string memory p2, string memory p3) internal view {\n\t\t_sendLogPayload(abi.encodeWithSignature(\"log(bool,address,string,string)\", p0, p1, p2, p3));\n\t}\n\n\tfunction log(bool p0, address p1, string memory p2, bool p3) internal view {\n\t\t_sendLogPayload(abi.encodeWithSignature(\"log(bool,address,string,bool)\", p0, p1, p2, p3));\n\t}\n\n\tfunction log(bool p0, address p1, string memory p2, address p3) internal view {\n\t\t_sendLogPayload(abi.encodeWithSignature(\"log(bool,address,string,address)\", p0, p1, p2, p3));\n\t}\n\n\tfunction log(bool p0, address p1, bool p2, uint256 p3) internal view {\n\t\t_sendLogPayload(abi.encodeWithSignature(\"log(bool,address,bool,uint256)\", p0, p1, p2, p3));\n\t}\n\n\tfunction log(bool p0, address p1, bool p2, string memory p3) internal view {\n\t\t_sendLogPayload(abi.encodeWithSignature(\"log(bool,address,bool,string)\", p0, p1, p2, p3));\n\t}\n\n\tfunction log(bool p0, address p1, bool p2, bool p3) internal view {\n\t\t_sendLogPayload(abi.encodeWithSignature(\"log(bool,address,bool,bool)\", p0, p1, p2, p3));\n\t}\n\n\tfunction log(bool p0, address p1, bool p2, address p3) internal view {\n\t\t_sendLogPayload(abi.encodeWithSignature(\"log(bool,address,bool,address)\", p0, p1, p2, p3));\n\t}\n\n\tfunction log(bool p0, address p1, address p2, uint256 p3) internal view {\n\t\t_sendLogPayload(abi.encodeWithSignature(\"log(bool,address,address,uint256)\", p0, p1, p2, p3));\n\t}\n\n\tfunction log(bool p0, address p1, address p2, string memory p3) internal view {\n\t\t_sendLogPayload(abi.encodeWithSignature(\"log(bool,address,address,string)\", p0, p1, p2, p3));\n\t}\n\n\tfunction log(bool p0, address p1, address p2, bool p3) internal view {\n\t\t_sendLogPayload(abi.encodeWithSignature(\"log(bool,address,address,bool)\", p0, p1, p2, p3));\n\t}\n\n\tfunction log(bool p0, address p1, address p2, address p3) internal view {\n\t\t_sendLogPayload(abi.encodeWithSignature(\"log(bool,address,address,address)\", p0, p1, p2, p3));\n\t}\n\n\tfunction log(address p0, uint256 p1, uint256 p2, uint256 p3) internal view {\n\t\t_sendLogPayload(abi.encodeWithSignature(\"log(address,uint256,uint256,uint256)\", p0, p1, p2, p3));\n\t}\n\n\tfunction log(address p0, uint256 p1, uint256 p2, string memory p3) internal view {\n\t\t_sendLogPayload(abi.encodeWithSignature(\"log(address,uint256,uint256,string)\", p0, p1, p2, p3));\n\t}\n\n\tfunction log(address p0, uint256 p1, uint256 p2, bool p3) internal view {\n\t\t_sendLogPayload(abi.encodeWithSignature(\"log(address,uint256,uint256,bool)\", p0, p1, p2, p3));\n\t}\n\n\tfunction log(address p0, uint256 p1, uint256 p2, address p3) internal view {\n\t\t_sendLogPayload(abi.encodeWithSignature(\"log(address,uint256,uint256,address)\", p0, p1, p2, p3));\n\t}\n\n\tfunction log(address p0, uint256 p1, string memory p2, uint256 p3) internal view {\n\t\t_sendLogPayload(abi.encodeWithSignature(\"log(address,uint256,string,uint256)\", p0, p1, p2, p3));\n\t}\n\n\tfunction log(address p0, uint256 p1, string memory p2, string memory p3) internal view {\n\t\t_sendLogPayload(abi.encodeWithSignature(\"log(address,uint256,string,string)\", p0, p1, p2, p3));\n\t}\n\n\tfunction log(address p0, uint256 p1, string memory p2, bool p3) internal view {\n\t\t_sendLogPayload(abi.encodeWithSignature(\"log(address,uint256,string,bool)\", p0, p1, p2, p3));\n\t}\n\n\tfunction log(address p0, uint256 p1, string memory p2, address p3) internal view {\n\t\t_sendLogPayload(abi.encodeWithSignature(\"log(address,uint256,string,address)\", p0, p1, p2, p3));\n\t}\n\n\tfunction log(address p0, uint256 p1, bool p2, uint256 p3) internal view {\n\t\t_sendLogPayload(abi.encodeWithSignature(\"log(address,uint256,bool,uint256)\", p0, p1, p2, p3));\n\t}\n\n\tfunction log(address p0, uint256 p1, bool p2, string memory p3) internal view {\n\t\t_sendLogPayload(abi.encodeWithSignature(\"log(address,uint256,bool,string)\", p0, p1, p2, p3));\n\t}\n\n\tfunction log(address p0, uint256 p1, bool p2, bool p3) internal view {\n\t\t_sendLogPayload(abi.encodeWithSignature(\"log(address,uint256,bool,bool)\", p0, p1, p2, p3));\n\t}\n\n\tfunction log(address p0, uint256 p1, bool p2, address p3) internal view {\n\t\t_sendLogPayload(abi.encodeWithSignature(\"log(address,uint256,bool,address)\", p0, p1, p2, p3));\n\t}\n\n\tfunction log(address p0, uint256 p1, address p2, uint256 p3) internal view {\n\t\t_sendLogPayload(abi.encodeWithSignature(\"log(address,uint256,address,uint256)\", p0, p1, p2, p3));\n\t}\n\n\tfunction log(address p0, uint256 p1, address p2, string memory p3) internal view {\n\t\t_sendLogPayload(abi.encodeWithSignature(\"log(address,uint256,address,string)\", p0, p1, p2, p3));\n\t}\n\n\tfunction log(address p0, uint256 p1, address p2, bool p3) internal view {\n\t\t_sendLogPayload(abi.encodeWithSignature(\"log(address,uint256,address,bool)\", p0, p1, p2, p3));\n\t}\n\n\tfunction log(address p0, uint256 p1, address p2, address p3) internal view {\n\t\t_sendLogPayload(abi.encodeWithSignature(\"log(address,uint256,address,address)\", p0, p1, p2, p3));\n\t}\n\n\tfunction log(address p0, string memory p1, uint256 p2, uint256 p3) internal view {\n\t\t_sendLogPayload(abi.encodeWithSignature(\"log(address,string,uint256,uint256)\", p0, p1, p2, p3));\n\t}\n\n\tfunction log(address p0, string memory p1, uint256 p2, string memory p3) internal view {\n\t\t_sendLogPayload(abi.encodeWithSignature(\"log(address,string,uint256,string)\", p0, p1, p2, p3));\n\t}\n\n\tfunction log(address p0, string memory p1, uint256 p2, bool p3) internal view {\n\t\t_sendLogPayload(abi.encodeWithSignature(\"log(address,string,uint256,bool)\", p0, p1, p2, p3));\n\t}\n\n\tfunction log(address p0, string memory p1, uint256 p2, address p3) internal view {\n\t\t_sendLogPayload(abi.encodeWithSignature(\"log(address,string,uint256,address)\", p0, p1, p2, p3));\n\t}\n\n\tfunction log(address p0, string memory p1, string memory p2, uint256 p3) internal view {\n\t\t_sendLogPayload(abi.encodeWithSignature(\"log(address,string,string,uint256)\", p0, p1, p2, p3));\n\t}\n\n\tfunction log(address p0, string memory p1, string memory p2, string memory p3) internal view {\n\t\t_sendLogPayload(abi.encodeWithSignature(\"log(address,string,string,string)\", p0, p1, p2, p3));\n\t}\n\n\tfunction log(address p0, string memory p1, string memory p2, bool p3) internal view {\n\t\t_sendLogPayload(abi.encodeWithSignature(\"log(address,string,string,bool)\", p0, p1, p2, p3));\n\t}\n\n\tfunction log(address p0, string memory p1, string memory p2, address p3) internal view {\n\t\t_sendLogPayload(abi.encodeWithSignature(\"log(address,string,string,address)\", p0, p1, p2, p3));\n\t}\n\n\tfunction log(address p0, string memory p1, bool p2, uint256 p3) internal view {\n\t\t_sendLogPayload(abi.encodeWithSignature(\"log(address,string,bool,uint256)\", p0, p1, p2, p3));\n\t}\n\n\tfunction log(address p0, string memory p1, bool p2, string memory p3) internal view {\n\t\t_sendLogPayload(abi.encodeWithSignature(\"log(address,string,bool,string)\", p0, p1, p2, p3));\n\t}\n\n\tfunction log(address p0, string memory p1, bool p2, bool p3) internal view {\n\t\t_sendLogPayload(abi.encodeWithSignature(\"log(address,string,bool,bool)\", p0, p1, p2, p3));\n\t}\n\n\tfunction log(address p0, string memory p1, bool p2, address p3) internal view {\n\t\t_sendLogPayload(abi.encodeWithSignature(\"log(address,string,bool,address)\", p0, p1, p2, p3));\n\t}\n\n\tfunction log(address p0, string memory p1, address p2, uint256 p3) internal view {\n\t\t_sendLogPayload(abi.encodeWithSignature(\"log(address,string,address,uint256)\", p0, p1, p2, p3));\n\t}\n\n\tfunction log(address p0, string memory p1, address p2, string memory p3) internal view {\n\t\t_sendLogPayload(abi.encodeWithSignature(\"log(address,string,address,string)\", p0, p1, p2, p3));\n\t}\n\n\tfunction log(address p0, string memory p1, address p2, bool p3) internal view {\n\t\t_sendLogPayload(abi.encodeWithSignature(\"log(address,string,address,bool)\", p0, p1, p2, p3));\n\t}\n\n\tfunction log(address p0, string memory p1, address p2, address p3) internal view {\n\t\t_sendLogPayload(abi.encodeWithSignature(\"log(address,string,address,address)\", p0, p1, p2, p3));\n\t}\n\n\tfunction log(address p0, bool p1, uint256 p2, uint256 p3) internal view {\n\t\t_sendLogPayload(abi.encodeWithSignature(\"log(address,bool,uint256,uint256)\", p0, p1, p2, p3));\n\t}\n\n\tfunction log(address p0, bool p1, uint256 p2, string memory p3) internal view {\n\t\t_sendLogPayload(abi.encodeWithSignature(\"log(address,bool,uint256,string)\", p0, p1, p2, p3));\n\t}\n\n\tfunction log(address p0, bool p1, uint256 p2, bool p3) internal view {\n\t\t_sendLogPayload(abi.encodeWithSignature(\"log(address,bool,uint256,bool)\", p0, p1, p2, p3));\n\t}\n\n\tfunction log(address p0, bool p1, uint256 p2, address p3) internal view {\n\t\t_sendLogPayload(abi.encodeWithSignature(\"log(address,bool,uint256,address)\", p0, p1, p2, p3));\n\t}\n\n\tfunction log(address p0, bool p1, string memory p2, uint256 p3) internal view {\n\t\t_sendLogPayload(abi.encodeWithSignature(\"log(address,bool,string,uint256)\", p0, p1, p2, p3));\n\t}\n\n\tfunction log(address p0, bool p1, string memory p2, string memory p3) internal view {\n\t\t_sendLogPayload(abi.encodeWithSignature(\"log(address,bool,string,string)\", p0, p1, p2, p3));\n\t}\n\n\tfunction log(address p0, bool p1, string memory p2, bool p3) internal view {\n\t\t_sendLogPayload(abi.encodeWithSignature(\"log(address,bool,string,bool)\", p0, p1, p2, p3));\n\t}\n\n\tfunction log(address p0, bool p1, string memory p2, address p3) internal view {\n\t\t_sendLogPayload(abi.encodeWithSignature(\"log(address,bool,string,address)\", p0, p1, p2, p3));\n\t}\n\n\tfunction log(address p0, bool p1, bool p2, uint256 p3) internal view {\n\t\t_sendLogPayload(abi.encodeWithSignature(\"log(address,bool,bool,uint256)\", p0, p1, p2, p3));\n\t}\n\n\tfunction log(address p0, bool p1, bool p2, string memory p3) internal view {\n\t\t_sendLogPayload(abi.encodeWithSignature(\"log(address,bool,bool,string)\", p0, p1, p2, p3));\n\t}\n\n\tfunction log(address p0, bool p1, bool p2, bool p3) internal view {\n\t\t_sendLogPayload(abi.encodeWithSignature(\"log(address,bool,bool,bool)\", p0, p1, p2, p3));\n\t}\n\n\tfunction log(address p0, bool p1, bool p2, address p3) internal view {\n\t\t_sendLogPayload(abi.encodeWithSignature(\"log(address,bool,bool,address)\", p0, p1, p2, p3));\n\t}\n\n\tfunction log(address p0, bool p1, address p2, uint256 p3) internal view {\n\t\t_sendLogPayload(abi.encodeWithSignature(\"log(address,bool,address,uint256)\", p0, p1, p2, p3));\n\t}\n\n\tfunction log(address p0, bool p1, address p2, string memory p3) internal view {\n\t\t_sendLogPayload(abi.encodeWithSignature(\"log(address,bool,address,string)\", p0, p1, p2, p3));\n\t}\n\n\tfunction log(address p0, bool p1, address p2, bool p3) internal view {\n\t\t_sendLogPayload(abi.encodeWithSignature(\"log(address,bool,address,bool)\", p0, p1, p2, p3));\n\t}\n\n\tfunction log(address p0, bool p1, address p2, address p3) internal view {\n\t\t_sendLogPayload(abi.encodeWithSignature(\"log(address,bool,address,address)\", p0, p1, p2, p3));\n\t}\n\n\tfunction log(address p0, address p1, uint256 p2, uint256 p3) internal view {\n\t\t_sendLogPayload(abi.encodeWithSignature(\"log(address,address,uint256,uint256)\", p0, p1, p2, p3));\n\t}\n\n\tfunction log(address p0, address p1, uint256 p2, string memory p3) internal view {\n\t\t_sendLogPayload(abi.encodeWithSignature(\"log(address,address,uint256,string)\", p0, p1, p2, p3));\n\t}\n\n\tfunction log(address p0, address p1, uint256 p2, bool p3) internal view {\n\t\t_sendLogPayload(abi.encodeWithSignature(\"log(address,address,uint256,bool)\", p0, p1, p2, p3));\n\t}\n\n\tfunction log(address p0, address p1, uint256 p2, address p3) internal view {\n\t\t_sendLogPayload(abi.encodeWithSignature(\"log(address,address,uint256,address)\", p0, p1, p2, p3));\n\t}\n\n\tfunction log(address p0, address p1, string memory p2, uint256 p3) internal view {\n\t\t_sendLogPayload(abi.encodeWithSignature(\"log(address,address,string,uint256)\", p0, p1, p2, p3));\n\t}\n\n\tfunction log(address p0, address p1, string memory p2, string memory p3) internal view {\n\t\t_sendLogPayload(abi.encodeWithSignature(\"log(address,address,string,string)\", p0, p1, p2, p3));\n\t}\n\n\tfunction log(address p0, address p1, string memory p2, bool p3) internal view {\n\t\t_sendLogPayload(abi.encodeWithSignature(\"log(address,address,string,bool)\", p0, p1, p2, p3));\n\t}\n\n\tfunction log(address p0, address p1, string memory p2, address p3) internal view {\n\t\t_sendLogPayload(abi.encodeWithSignature(\"log(address,address,string,address)\", p0, p1, p2, p3));\n\t}\n\n\tfunction log(address p0, address p1, bool p2, uint256 p3) internal view {\n\t\t_sendLogPayload(abi.encodeWithSignature(\"log(address,address,bool,uint256)\", p0, p1, p2, p3));\n\t}\n\n\tfunction log(address p0, address p1, bool p2, string memory p3) internal view {\n\t\t_sendLogPayload(abi.encodeWithSignature(\"log(address,address,bool,string)\", p0, p1, p2, p3));\n\t}\n\n\tfunction log(address p0, address p1, bool p2, bool p3) internal view {\n\t\t_sendLogPayload(abi.encodeWithSignature(\"log(address,address,bool,bool)\", p0, p1, p2, p3));\n\t}\n\n\tfunction log(address p0, address p1, bool p2, address p3) internal view {\n\t\t_sendLogPayload(abi.encodeWithSignature(\"log(address,address,bool,address)\", p0, p1, p2, p3));\n\t}\n\n\tfunction log(address p0, address p1, address p2, uint256 p3) internal view {\n\t\t_sendLogPayload(abi.encodeWithSignature(\"log(address,address,address,uint256)\", p0, p1, p2, p3));\n\t}\n\n\tfunction log(address p0, address p1, address p2, string memory p3) internal view {\n\t\t_sendLogPayload(abi.encodeWithSignature(\"log(address,address,address,string)\", p0, p1, p2, p3));\n\t}\n\n\tfunction log(address p0, address p1, address p2, bool p3) internal view {\n\t\t_sendLogPayload(abi.encodeWithSignature(\"log(address,address,address,bool)\", p0, p1, p2, p3));\n\t}\n\n\tfunction log(address p0, address p1, address p2, address p3) internal view {\n\t\t_sendLogPayload(abi.encodeWithSignature(\"log(address,address,address,address)\", p0, p1, p2, p3));\n\t}\n\n}\n"
    }
  },
  "settings": {
    "optimizer": {
      "enabled": false,
      "runs": 200
    },
    "outputSelection": {
      "*": {
        "*": [
          "abi",
          "evm.bytecode",
          "evm.deployedBytecode",
          "evm.methodIdentifiers",
          "metadata",
          "devdoc",
          "userdoc",
          "storageLayout",
          "evm.gasEstimates"
        ],
        "": [
          "ast"
        ]
      }
    },
    "metadata": {
      "useLiteralContent": true
    }
  }
}